mask_coverage_pct,tissue_preservation_gain_pct,ssim_outside_mask,boundary_gradient_mean,speckle_variance_ratio,glcm_contrast_diff,glcm_homogeneity_diff,glcm_energy_diff,method,file
3.6977,0.0,0.989617,50.36,1.0607,39.62981215230954,0.008432470146011645,0.00036091436159253754,1. Baseline BBox,benign (1).png
3.3415,9.63,0.987986,46.87,1.1152,39.820936129705004,0.00654442792189619,0.0003419109087653069,2. Trazo Simple,benign (1).png
3.3415,9.63,0.985878,77.33,1.1786,3.6720744155654614,0.003520321490206285,8.0749639794684e-05,3. Híbrido Propuesto,benign (1).png
0.46,0.0,0.998808,54.17,0.6769,0.8027315212833983,0.0008298547695060332,1.3957792064166197e-05,1. Baseline BBox,benign (10).png
0.4422,3.86,0.998567,46.82,0.6605,0.9228419758194377,0.0006806067845855912,1.3531668119855234e-05,2. Trazo Simple,benign (10).png
0.4422,3.86,0.998128,80.44,0.8543,6.082882833500413,0.0008212624120633727,6.839432410143953e-07,3. Híbrido Propuesto,benign (10).png
1.275,0.0,0.997626,37.95,0.8106,5.639452870952255,0.011711077516635221,0.0004092578440082137,1. Baseline BBox,benign (100).png
1.1284,11.5,0.99691,35.6,0.8529,5.429230324517562,0.007186269388465144,0.0005282650997959319,2. Trazo Simple,benign (100).png
1.1284,11.5,0.996034,51.88,0.9743,10.633485841655371,0.004089985169284854,0.0009514332686086438,3. Híbrido Propuesto,benign (100).png
1.2974,0.0,0.996129,60.17,0.705,5.771626567713298,0.0029611571535914927,0.00016507923192635165,1. Baseline BBox,benign (101).png
1.2159,6.28,0.995722,52.77,0.7779,5.82416849241217,0.0022577153222893553,0.00017299081160022933,2. Trazo Simple,benign (101).png
1.2159,6.28,0.994905,81.5,0.8989,10.074200221367207,0.002141251297579805,1.341667027137533e-05,3. Híbrido Propuesto,benign (101).png
0.0109,0.0,0.999919,135.91,0.1946,327.69560755336454,0.01559430745861673,0.006112568475554608,1. Baseline BBox,benign (102).png
0.0109,0.0,0.999933,99.94,0.2297,367.20985221674755,0.0044597084555685895,0.004499809302382418,2. Trazo Simple,benign (102).png
0.0109,0.0,0.99994,181.71,0.9076,369.7903119868654,0.04927944938552847,0.0019669198385183495,3. Híbrido Propuesto,benign (102).png
0.7335,0.0,0.999161,48.59,1.1405,2.6101668831109706,0.002603963991071434,4.8527286696735394e-05,1. Baseline BBox,benign (103).png
0.4907,33.1,0.998895,58.56,0.6134,2.6220124978600055,0.0009419785277238191,4.761386234172077e-05,2. Trazo Simple,benign (103).png
0.4907,33.1,0.998336,109.09,0.9679,20.607527679773064,0.0016720615795199345,7.397730444752559e-07,3. Híbrido Propuesto,benign (103).png
1.3335,0.0,0.997867,45.42,0.9989,1.9535652680250877,0.0027513016500442244,0.00018865380642363316,1. Baseline BBox,benign (104).png
1.0274,22.96,0.997424,44.72,0.7086,1.8030021224528099,0.0015778747644705216,0.0001630877603611032,2. Trazo Simple,benign (104).png
1.0274,22.96,0.996221,79.41,0.9397,21.348174043418716,0.002881253221006075,1.0326506918172107e-05,3. Híbrido Propuesto,benign (104).png
0.7894,0.0,0.998658,44.56,0.6655,1.3363893245585317,0.0032800139337419987,0.00019467049488066865,1. Baseline BBox,benign (105).png
0.6209,21.33,0.998259,43.51,0.6329,1.494186926213061,0.0017901355981191358,0.00016916354832730712,2. Trazo Simple,benign (105).png
0.6209,21.33,0.997797,69.42,0.8567,8.62196378148898,0.0020352974692646186,2.0491306017840494e-05,3. Híbrido Propuesto,benign (105).png
0.3739,0.0,0.998594,83.11,1.1447,7.481969534908217,0.0006603879152170533,3.188800468170022e-05,1. Baseline BBox,malignant (1).png
0.3665,1.99,0.999034,41.21,0.7332,8.035736640362728,0.00046629513387713706,4.928347293084792e-05,2. Trazo Simple,malignant (1).png
0.3665,1.99,0.998579,72.54,0.9407,2.792638050858855,0.0009414511463001207,3.575718908626485e-05,3. Híbrido Propuesto,malignant (1).png
1.7757,0.0,0.994094,102.4,0.7281,22.790307546559234,0.002627565259456066,0.00017991695712452765,1. Baseline BBox,malignant (10).png
1.6137,9.12,0.992051,88.95,0.8589,25.890084882195723,0.0022589564522365324,0.00018971438388271436,2. Trazo Simple,malignant (10).png
1.6137,9.12,0.991821,118.68,0.9766,0.17684529307388175,0.000714454141898746,4.684183608136272e-05,3. Híbrido Propuesto,malignant (10).png
2.696,0.0,0.996654,49.93,0.9018,11.585266751629405,0.016048802089813907,0.0008822733965804658,1. Baseline BBox,malignant (100).png
1.7029,36.84,0.994689,44.71,0.895,10.264774982687683,0.0067532672944491945,0.0006263050414463851,2. Trazo Simple,malignant (100).png
1.7029,36.84,0.994125,67.27,1.051,14.962309925810331,0.0036696904846915124,2.3458758282818987e-05,3. Híbrido Propuesto,malignant (100).png
0.0648,0.0,0.999712,117.46,0.577,0.8976540946030696,6.137477265050206e-05,3.3155845731297484e-06,1. Baseline BBox,malignant (101).png
0.0735,0.0,0.999646,91.77,0.7377,1.207520873159197,0.00010617965843612298,6.561861998821694e-06,2. Trazo Simple,malignant (101).png
0.0735,0.0,0.999627,126.66,0.9647,2.6061907119134844,8.525482720972422e-05,1.6833168648353047e-06,3. Híbrido Propuesto,malignant (101).png
2.8282,0.0,0.994777,35.95,0.788,4.967188219203848,0.011126092295907247,0.00010258754043450391,1. Baseline BBox,malignant (103).png
2.4151,14.61,0.994028,33.21,0.8089,4.721086175678458,0.007044118473631372,8.304888899871021e-06,2. Trazo Simple,malignant (103).png
2.4151,14.61,0.992418,49.06,0.9479,9.318397523083497,0.004904920158327497,0.0005021813750087402,3. Híbrido Propuesto,malignant (103).png
1.1842,0.0,0.996928,42.63,0.8209,4.154416191569894,0.004453753304481084,0.00022305278873386084,1. Baseline BBox,malignant (104).png
1.1331,4.32,0.996333,37.89,0.944,4.161900267815739,0.0037045070051791584,0.00021189495369590416,2. Trazo Simple,malignant (104).png
1.1331,4.32,0.996013,52.74,1.0,1.6345280717436808,0.0012417431882115193,3.533418595176932e-05,3. Híbrido Propuesto,malignant (104).png
